model,n_ground_truth,n_predicted,coverage,accuracy,precision_m,recall_m,f1_m,precision_k,recall_k,f1_k
Baseline (Python),3287,1596,48.554913294797686,98.80952380952381,99.06191369606003,48.93419833178869,65.50868486352357,98.30188679245283,46.14703277236492,62.808921036769135
New R Algorithm,3287,2388,72.64983267417098,98.1574539363484,98.24231010671689,72.52085264133457,83.44441482271394,97.9874213836478,68.99911426040744,80.97713097713097
