model,n_ground_truth,n_predicted,coverage,accuracy,precision_m,recall_m,f1_m,precision_k,recall_k,f1_k
Baseline (Python),3298,1601,48.54457246816252,98.81324172392254,99.0645463049579,48.89196675900277,65.47140649149922,98.30827067669173,46.20141342756184,62.86057692307693
New R Algorithm,3298,2447,74.19648271679806,97.75234981610134,98.15043156596795,73.49953831948291,84.05491024287221,96.96969696969697,70.6713780918728,81.75779253960143
