model,n_ground_truth,n_predicted,coverage,accuracy,precision_m,recall_m,f1_m,precision_k,recall_k,f1_k
Baseline (Python),3287,1596,48.554913294797686,98.80952380952381,99.06191369606003,48.93419833178869,65.50868486352357,98.30188679245283,46.14703277236492,62.808921036769135
New R Algorithm,3287,2442,74.29266808640097,97.74774774774775,98.14700432365659,73.63299351251158,84.14085252846174,96.96233292831106,70.68201948627105,81.76229508196722
